{"cameraMode":{"drawMode":0,"name":"Shaded","section":"Shading Mode"},"sceneLighting":false,"audioPlay":false,"sceneViewState":{"showFog":false,"showMaterialUpdate":false,"showSkybox":false,"showFlares":false,"showImageEffects":false,"showParticleSystems":false},"in2DMode":false,"pivot":{"x":16.015336990356447,"y":2.9551682472229006,"z":1.999997615814209},"rotation":{"x":0.15839840471744538,"y":0.019251996651291848,"z":-0.003089980687946081,"w":0.9871827960014343},"size":25.497882843017579,"orthographic":false}