{"cameraMode":{"drawMode":0,"name":"Shaded","section":"Shading Mode"},"sceneLighting":true,"audioPlay":false,"sceneViewState":{"showFog":false,"showMaterialUpdate":false,"showSkybox":false,"showFlares":false,"showImageEffects":false,"showParticleSystems":false},"in2DMode":false,"pivot":{"x":15.999865531921387,"y":0.8735643625259399,"z":-14.969926834106446},"rotation":{"x":0.10614995658397675,"y":0.05249077454209328,"z":-0.0056114234030246738,"w":0.9929479360580444},"size":6.004826068878174,"orthographic":false}